source_id,target_id,distance_km,is_blocked,effective_distance
0,48,2.595316025581176,False,2.595316025581176
23,24,4.296072841464469,False,4.296072841464469
